Article	Rank
"\"love and theft\""	0.15
-gry	0.15030675786218278
's-hertogenbosch	0.22419780499577707
'ndrangheta	0.1798332867500746
...baby one more time	0.1592671164703001
